target	route	conn	rep	rps	p50_ms	p90_ms	p99_ms	total	success_pct	loadavg	memavail_mb
express	/hello	1	1	1696.8031493607998	0.376	1.134	3.037	10.000570783	100.0	2.61	4784
express	/hello	1	2	2107.2375977270285	0.303	0.965	2.439	10.000770688	100.0	2.68	4803
express	/hello	32	1	11595.570203872372	2.218	4.930	9.099	10.00313033	100.0	3.16	4679
express	/hello	32	2	9976.37122577309	2.455	5.977	12.021	10.006844948	100.0	3.52	4718
express	/hello	128	1	10208.656693393412	10.957	18.999	29.430	10.017674516	100.0	4.23	4692
express	/hello	128	2	10377.243411739306	10.863	18.567	31.239	10.005643684	100.0	4.57	4714
express	/json	32	1	10594.030168967956	2.327	5.764	10.035	10.005068733	100.0	5.08	4726
express	/json	32	2	10651.412446385093	2.365	5.454	10.551	10.001490463	100.0	4.76	4646
express-bare	/hello	1	1	2040.0344697254309	0.285	1.031	2.675	10.001301597	100.0	4.52	4660
express-bare	/hello	1	2	2108.72169569391	0.291	0.954	2.570	10.004165103	100.0	4.29	4792
express-bare	/hello	32	1	13550.61559221995	1.858	4.295	8.228	10.00375216	100.0	4.38	4726
express-bare	/hello	32	2	13414.956382884298	1.799	4.557	8.839	10.003536066	100.0	4.52	4681
express-bare	/hello	128	1	11697.933880487986	9.684	17.039	25.261	10.004587237	100.0	4.36	4739
express-bare	/hello	128	2	12270.792074968253	9.217	15.653	25.119	10.006037039	100.0	4.27	4735
express-bare	/json	32	1	12963.978745481912	1.928	4.555	8.423	10.002099089	100.0	4.65	4748
express-bare	/json	32	2	13468.947060987539	1.796	4.515	8.846	10.001301467	100.0	4.69	4708
ntex-w1	/hello	1	1	921.4938126741396	0.761	2.123	4.669	10.001152339	100.0	4.81	4787
ntex-w1	/hello	1	2	933.3697253682714	0.795	2.065	4.126	10.002467132	100.0	4.63	4636
ntex-w1	/hello	32	1	16786.890139438783	1.426	3.776	7.241	10.002031264	100.0	4.30	4786
ntex-w1	/hello	32	2	18561.224675929945	1.287	3.375	6.549	10.003434754	100.0	4.08	4804
ntex-w1	/hello	128	1	19108.496795791838	6.264	10.364	15.281	10.016695821	100.0	3.99	4791
ntex-w1	/hello	128	2	18544.890699766886	6.317	10.603	16.370	10.005451259	100.0	3.83	4782
ntex-w1	/json	32	1	17352.677718537052	1.411	3.612	6.638	10.003240008	100.0	4.46	4767
ntex-w1	/json	32	2	17724.880973626437	1.385	3.521	6.483	10.004411328	100.0	4.54	4779
ntex-w4	/hello	1	1	1199.8926121309887	0.562	1.622	3.363	10.000894979	100.0	3.91	4812
ntex-w4	/hello	1	2	1131.9036420616646	0.609	1.721	3.507	10.000851291	100.0	3.79	4840
ntex-w4	/hello	32	1	22476.338584897443	1.054	2.912	5.502	10.001495535	100.0	4.57	4811
ntex-w4	/hello	32	2	20760.19955081059	1.097	3.218	6.529	10.002890362	100.0	4.87	4684
ntex-w4	/hello	128	1	28963.469724548075	3.828	7.878	13.087	10.006363283	100.0	6.10	4717
ntex-w4	/hello	128	2	30408.41971941107	3.617	7.545	13.049	10.006471984	100.0	6.62	4746
ntex-w4	/json	32	1	16457.71489654353	1.441	4.054	7.910	10.002603705	100.0	6.55	4746
ntex-w4	/json	32	2	16045.83405048794	1.497	4.092	8.268	10.011695216	100.0	6.66	4762
